USE hospital_system;

INSERT INTO patient (PatientID, FirstName, LastName, DOB, Gender, Phone, Address, InsuranceProvider) VALUES
(1,'James','Walker','1985-03-14','Male','703-555-1023','123 Maple St Fairfax VA','Aetna'),
(2,'Sophia','Martinez','1992-07-21','Female','571-555-2045','456 Oak Ave Reston VA','Cigna'),
(3,'Liam','Johnson','1978-11-02','Male','202-555-3344','789 Pine Rd Herndon VA','UnitedHealthcare'),
(4,'Olivia','Brown','2001-01-30','Female','703-555-5567','321 Cedar Ln Chantilly VA','BlueCross BlueShield'),
(5,'Noah','Davis','1969-05-18','Male','571-555-7788','654 Birch Blvd Ashburn VA','Medicare'),
(6,'Emma','Garcia','1988-09-25','Female','202-555-8899','987 Spruce Dr Sterling VA','Kaiser Permanente'),
(7,'William','Miller','1995-12-12','Male','703-555-9901','159 Elm St Vienna VA','Aetna'),
(8,'Ava','Wilson','2003-04-08','Female','571-555-1122','753 Willow Way McLean VA','Cigna'),
(9,'Elijah','Moore','1982-06-19','Male','202-555-2233','852 Aspen Ct Falls Church VA','UnitedHealthcare'),
(10,'Isabella','Taylor','1975-10-27','Female','703-555-3345','951 Poplar Dr Arlington VA','BlueCross BlueShield'),
(11,'Lucas','Anderson','1990-02-14','Male','571-555-4456','357 Redwood St Alexandria VA','Medicaid'),
(12,'Mia','Thomas','1987-08-03','Female','202-555-5566','258 Cypress Ave Fairfax VA','Aetna'),
(13,'Mason','Jackson','1965-03-09','Male','703-555-6677','654 Walnut Rd Reston VA','Medicare'),
(14,'Amelia','White','1999-11-11','Female','571-555-7789','852 Hickory Ln Herndon VA','Cigna'),
(15,'Ethan','Harris','1972-01-05','Male','202-555-8890','147 Magnolia Blvd Chantilly VA','UnitedHealthcare'),
(16,'Harper','Martin','2004-07-17','Female','703-555-9902','369 Dogwood Dr Ashburn VA','Kaiser Permanente'),
(17,'Alexander','Thompson','1983-09-28','Male','571-555-1010','741 Palm St Sterling VA','BlueCross BlueShield'),
(18,'Evelyn','Garcia','1996-12-22','Female','202-555-2020','963 Olive Ct Vienna VA','Aetna'),
(19,'Daniel','Martinez','1979-04-16','Male','703-555-3030','258 Peach St McLean VA','Medicaid'),
(20,'Abigail','Robinson','1986-06-07','Female','571-555-4040','159 Cherry Ave Falls Church VA','Cigna'),
(21,'Matthew','Clark','1993-10-10','Male','202-555-5050','753 Plum Rd Arlington VA','UnitedHealthcare'),
(22,'Emily','Rodriguez','2000-02-25','Female','703-555-6060','951 Lemon Ln Alexandria VA','Kaiser Permanente'),
(23,'Joseph','Lewis','1968-08-13','Male','571-555-7070','357 Lime Blvd Fairfax VA','Medicare'),
(24,'Elizabeth','Lee','1997-03-03','Female','202-555-8080','258 Orange Dr Reston VA','BlueCross BlueShield'),
(25,'Samuel','Walker','1981-05-29','Male','703-555-9090','654 Apple St Herndon VA','Aetna'),
(26,'Sofia','Hall','2002-09-09','Female','571-555-1111','852 Banana Ct Chantilly VA','Cigna'),
(27,'David','Allen','1976-11-15','Male','202-555-2222','147 Grape Rd Ashburn VA','UnitedHealthcare'),
(28,'Grace','Young','1994-01-20','Female','703-555-3333','369 Berry Ln Sterling VA','Medicaid'),
(29,'Andrew','Hernandez','1989-07-07','Male','571-555-4444','741 Melon Ave Vienna VA','Kaiser Permanente'),
(30,'Chloe','King','2005-12-01','Female','202-555-5555','963 Kiwi Dr McLean VA','BlueCross BlueShield');

INSERT INTO Doctor (DoctorID, FirstName, LastName, Specialty, Phone, Department) VALUES
(1,'John','Smith','Cardiology','703-600-1001','Cardiology'),
(2,'Emily','Clark','Neurology','703-600-1002','Neurology'),
(3,'Michael','Adams','Orthopedics','703-600-1003','Orthopedics'),
(4,'Sarah','Lopez','Pediatrics','703-600-1004','Pediatrics'),
(5,'David','Hill','Oncology','703-600-1005','Oncology'),
(6,'Laura','Scott','Dermatology','703-600-1006','Dermatology'),
(7,'Robert','Green','Radiology','703-600-1007','Radiology'),
(8,'Jessica','Baker','Psychiatry','703-600-1008','Psychiatry'),
(9,'Daniel','Gonzalez','Cardiology','703-600-1009','Cardiology'),
(10,'Ashley','Nelson','Neurology','703-600-1010','Neurology'),
(11,'Matthew','Carter','Orthopedics','703-600-1011','Orthopedics'),
(12,'Amanda','Mitchell','Pediatrics','703-600-1012','Pediatrics'),
(13,'Christopher','Perez','Oncology','703-600-1013','Oncology'),
(14,'Stephanie','Roberts','Dermatology','703-600-1014','Dermatology'),
(15,'Joshua','Turner','Radiology','703-600-1015','Radiology'),
(16,'Nicole','Phillips','Psychiatry','703-600-1016','Psychiatry'),
(17,'Andrew','Campbell','Cardiology','703-600-1017','Cardiology'),
(18,'Megan','Parker','Neurology','703-600-1018','Neurology'),
(19,'Kevin','Evans','Orthopedics','703-600-1019','Orthopedics'),
(20,'Rachel','Edwards','Pediatrics','703-600-1020','Pediatrics'),
(21,'Brian','Collins','Oncology','703-600-1021','Oncology'),
(22,'Lauren','Stewart','Dermatology','703-600-1022','Dermatology'),
(23,'Jason','Sanchez','Radiology','703-600-1023','Radiology'),
(24,'Rebecca','Morris','Psychiatry','703-600-1024','Psychiatry'),
(25,'Ryan','Rogers','Cardiology','703-600-1025','Cardiology'),
(26,'Hannah','Reed','Neurology','703-600-1026','Neurology'),
(27,'Eric','Cook','Orthopedics','703-600-1027','Orthopedics'),
(28,'Olivia','Morgan','Pediatrics','703-600-1028','Pediatrics'),
(29,'Justin','Bell','Oncology','703-600-1029','Oncology'),
(30,'Victoria','Murphy','Dermatology','703-600-1030','Dermatology');

INSERT INTO Appointment (AppointmentID, PatientID, DoctorID, AppointmentDate, AppointmentTime, Status, Purpose) VALUES
(1,1,1,'2026-04-01','09:00:00','Scheduled','Checkup'),
(2,2,2,'2026-04-01','10:00:00','Scheduled','Consultation'),
(3,3,3,'2026-04-01','11:00:00','Scheduled','Knee Pain'),
(4,4,4,'2026-04-01','12:00:00','Scheduled','Child Visit'),
(5,5,5,'2026-04-02','09:00:00','Scheduled','Cancer Screening'),
(6,6,6,'2026-04-02','10:00:00','Scheduled','Skin Rash'),
(7,7,7,'2026-04-02','11:00:00','Scheduled','X-Ray'),
(8,8,8,'2026-04-02','12:00:00','Scheduled','Mental Health'),
(9,9,9,'2026-04-03','09:00:00','Scheduled','Heart Check'),
(10,10,10,'2026-04-03','10:00:00','Scheduled','Headache'),
(11,11,11,'2026-04-03','11:00:00','Scheduled','Fracture'),
(12,12,12,'2026-04-03','12:00:00','Scheduled','Pediatric Care'),
(13,13,13,'2026-04-04','09:00:00','Scheduled','Oncology Follow-up'),
(14,14,14,'2026-04-04','10:00:00','Scheduled','Acne Treatment'),
(15,15,15,'2026-04-04','11:00:00','Scheduled','MRI Scan'),
(16,16,16,'2026-04-04','12:00:00','Scheduled','Therapy Session'),
(17,17,17,'2026-04-05','09:00:00','Scheduled','Cardiology Visit'),
(18,18,18,'2026-04-05','10:00:00','Scheduled','Neurology Exam'),
(19,19,19,'2026-04-05','11:00:00','Scheduled','Joint Pain'),
(20,20,20,'2026-04-05','12:00:00','Scheduled','Child Checkup'),
(21,21,21,'2026-04-06','09:00:00','Scheduled','Cancer Check'),
(22,22,22,'2026-04-06','10:00:00','Scheduled','Skin Allergy'),
(23,23,23,'2026-04-06','11:00:00','Scheduled','Radiology Scan'),
(24,24,24,'2026-04-06','12:00:00','Scheduled','Psych Eval'),
(25,25,25,'2026-04-07','09:00:00','Scheduled','Heart Follow-up'),
(26,26,26,'2026-04-07','10:00:00','Scheduled','Migraine'),
(27,27,27,'2026-04-07','11:00:00','Scheduled','Bone Injury'),
(28,28,28,'2026-04-07','12:00:00','Scheduled','Pediatric Visit'),
(29,29,29,'2026-04-08','09:00:00','Scheduled','Oncology Review'),
(30,30,30,'2026-04-08','10:00:00','Scheduled','Skin Check');